tabla_ine,variable,anyo,I,cnae_55,cnae_56,share_55,share_56
76811,Cifra de negocios,2018,77722422.0,26453806.0,51268615.0,0.340363,0.659637
76811,Cifra de negocios,2019,82767988.0,28558378.0,54209610.0,0.345041,0.654959
76811,Cifra de negocios,2020,42014129.0,9206815.0,32807314.0,0.219136,0.780864
76811,Cifra de negocios,2021,60634449.0,16464728.0,44169721.0,0.271541,0.728459
76811,Cifra de negocios,2022,92418178.0,31177126.0,61241052.0,0.337348,0.662652
76811,Cifra de negocios,2023,104442692.0,36478516.0,67964177.0,0.349268,0.650732
76811,Cifra de negocios,2024,117440434.0,41467328.0,75973106.0,0.353092,0.646908
76811,Excedente bruto de explotación,2018,9694200.0,5536194.0,4158006.0,0.571083,0.428917
76811,Excedente bruto de explotación,2019,10166874.0,5788562.0,4378312.0,0.569355,0.430645
76811,Excedente bruto de explotación,2020,-1606626.0,-1838308.0,231683.0,1.144204,-0.144205
76811,Excedente bruto de explotación,2021,7746200.0,3103616.0,4642583.0,0.400663,0.599337
76811,Excedente bruto de explotación,2022,12022411.0,6634659.0,5387752.0,0.551858,0.448142
76811,Excedente bruto de explotación,2023,14534511.0,8426494.0,6108017.0,0.579758,0.420242
76811,Excedente bruto de explotación,2024,18029459.0,10231208.0,7798252.0,0.567472,0.432528
76811,Gastos de personal,2018,24898424.0,8444622.0,16453802.0,0.339163,0.660837
76811,Gastos de personal,2019,26890378.0,9140828.0,17749550.0,0.339929,0.660071
76811,Gastos de personal,2020,16573358.0,4775810.0,11797548.0,0.288162,0.711838
76811,Gastos de personal,2021,19965909.0,5756398.0,14209510.0,0.288311,0.711689
76811,Gastos de personal,2022,28829897.0,9444965.0,19384933.0,0.32761,0.67239
76811,Gastos de personal,2023,32449715.0,10912185.0,21537530.0,0.33628,0.66372
76811,Gastos de personal,2024,36487431.0,12128446.0,24358985.0,0.332401,0.667599
76811,Horas trabajadas por el personal remunerado,2018,1858004.0,538720.0,1319284.0,0.289946,0.710054
76811,Horas trabajadas por el personal remunerado,2019,1949761.0,561236.0,1388525.0,0.287849,0.712151
76811,Horas trabajadas por el personal remunerado,2020,1124950.0,256183.0,868768.0,0.227728,0.772273
76811,Horas trabajadas por el personal remunerado,2021,1395655.0,321283.0,1074372.0,0.230202,0.769798
76811,Horas trabajadas por el personal remunerado,2022,2012881.0,556585.0,1456295.0,0.276512,0.723488
76811,Horas trabajadas por el personal remunerado,2023,2114122.0,614219.0,1499903.0,0.290531,0.709469
76811,Horas trabajadas por el personal remunerado,2024,2251116.0,652533.0,1598584.0,0.289871,0.71013
76811,Inversión en activos materiales,2018,4211956.0,2717842.0,1494114.0,0.645268,0.354732
76811,Inversión en activos materiales,2019,4012640.0,2519308.0,1493331.0,0.627843,0.372157
76811,Inversión en activos materiales,2020,3072812.0,1859450.0,1213363.0,0.60513,0.394871
76811,Inversión en activos materiales,2021,3772899.0,2626520.0,1146380.0,0.696154,0.303846
76811,Inversión en activos materiales,2022,4786326.0,3268500.0,1517826.0,0.682883,0.317117
76811,Inversión en activos materiales,2023,5012896.0,3514158.0,1498738.0,0.701024,0.298976
76811,Inversión en activos materiales,2024,5393336.0,3719898.0,1673437.0,0.689721,0.310279
76811,Número de empresas,2018,287273.0,26967.0,260306.0,0.093872,0.906128
76811,Número de empresas,2019,290413.0,28971.0,261442.0,0.099758,0.900242
76811,Número de empresas,2020,281635.0,28285.0,253350.0,0.100431,0.899569
76811,Número de empresas,2021,290701.0,30120.0,260581.0,0.103612,0.896388
76811,Número de empresas,2022,296349.0,31224.0,265125.0,0.105362,0.894638
76811,Número de empresas,2023,295190.0,32203.0,262987.0,0.109092,0.890908
76811,Número de empresas,2024,297323.0,33348.0,263975.0,0.112161,0.887839
76811,Personal ocupado,2018,1530432.0,322472.0,1207960.0,0.210707,0.789293
76811,Personal ocupado,2019,1601724.0,338753.0,1262971.0,0.211493,0.788507
76811,Personal ocupado,2020,1387964.0,273519.0,1114445.0,0.197065,0.802935
76811,Personal ocupado,2021,1419533.0,274520.0,1145013.0,0.193388,0.806612
76811,Personal ocupado,2022,1614919.0,342956.0,1271964.0,0.212367,0.787633
76811,Personal ocupado,2023,1662157.0,371934.0,1290223.0,0.223766,0.776234
76811,Personal ocupado,2024,1748137.0,393424.0,1354713.0,0.225053,0.774947
76811,Personal remunerado,2018,1281547.0,303201.0,978345.0,0.23659,0.763409
76811,Personal remunerado,2019,1340695.0,317723.0,1022972.0,0.236984,0.763016
76811,Personal remunerado,2020,1147300.0,254108.0,893193.0,0.221483,0.778517
76811,Personal remunerado,2021,1173578.0,255285.0,918293.0,0.217527,0.782473
76811,Personal remunerado,2022,1375982.0,323250.0,1052732.0,0.234923,0.765077
76811,Personal remunerado,2023,1425884.0,351042.0,1074842.0,0.246193,0.753807
76811,Personal remunerado,2024,1521769.0,376382.0,1145387.0,0.247332,0.752668
76811,Personal remunerado equivalente a tiempo completo,2018,983905.0,288474.0,695432.0,0.293193,0.706808
76811,Personal remunerado equivalente a tiempo completo,2019,1036566.0,302222.0,734345.0,0.291561,0.70844
76811,Personal remunerado equivalente a tiempo completo,2020,880430.0,240509.0,639921.0,0.273172,0.726828
76811,Personal remunerado equivalente a tiempo completo,2021,907261.0,242759.0,664502.0,0.267573,0.732427
76811,Personal remunerado equivalente a tiempo completo,2022,1090594.0,310807.0,779787.0,0.284989,0.715011
76811,Personal remunerado equivalente a tiempo completo,2023,1142965.0,339111.0,803854.0,0.296694,0.703306
76811,Personal remunerado equivalente a tiempo completo,2024,1225298.0,362717.0,862582.0,0.296023,0.703977
76811,Total de compras de bienes y servicios,2018,44233028.0,12955756.0,31277272.0,0.292898,0.707102
76811,Total de compras de bienes y servicios,2019,47465443.0,14487304.0,32978139.0,0.305218,0.694782
76811,Total de compras de bienes y servicios,2020,28639392.0,6934659.0,21704733.0,0.242137,0.757863
76811,Total de compras de bienes y servicios,2021,36854237.0,9380453.0,27473784.0,0.254528,0.745472
76811,Total de compras de bienes y servicios,2022,53232355.0,15863771.0,37368585.0,0.29801,0.70199
76811,Total de compras de bienes y servicios,2023,59220632.0,17888593.0,41332039.0,0.302067,0.697933
76811,Total de compras de bienes y servicios,2024,64799998.0,19955883.0,44844115.0,0.307961,0.692039
76811,Valor añadido a coste de los factores,2018,34592625.0,13980816.0,20611809.0,0.404156,0.595844
76811,Valor añadido a coste de los factores,2019,37057252.0,14929390.0,22127862.0,0.402874,0.597126
76811,Valor añadido a coste de los factores,2020,14966732.0,2937502.0,12029230.0,0.196269,0.803731
76811,Valor añadido a coste de los factores,2021,27712108.0,8860015.0,18852094.0,0.319716,0.680284
76811,Valor añadido a coste de los factores,2022,40852308.0,16079624.0,24772684.0,0.393604,0.606396
76811,Valor añadido a coste de los factores,2023,46984226.0,19338679.0,27645547.0,0.411599,0.588401
76811,Valor añadido a coste de los factores,2024,54516891.0,22359654.0,32157237.0,0.410142,0.589858
76811,Valor de la producción,2018,76540473.0,26030180.0,50510293.0,0.340084,0.659916
76811,Valor de la producción,2019,81304390.0,28149820.0,53154570.0,0.346228,0.653772
76811,Valor de la producción,2020,40103179.0,9116851.0,30986328.0,0.227335,0.772665
76811,Valor de la producción,2021,61044069.0,16669559.0,44374510.0,0.273074,0.726926
76811,Valor de la producción,2022,92400576.0,31167086.0,61233490.0,0.337304,0.662696
76811,Valor de la producción,2023,104455756.0,36510346.0,67945410.0,0.349529,0.650471
76811,Valor de la producción,2024,117878867.0,41519568.0,76359299.0,0.352222,0.647778
76815,Cifra de negocios,2018,77722422.0,26453806.0,51268615.0,0.340363,0.659637
76815,Cifra de negocios,2019,82767988.0,28558378.0,54209610.0,0.345041,0.654959
76815,Cifra de negocios,2020,42014129.0,9206815.0,32807314.0,0.219136,0.780864
76815,Cifra de negocios,2021,60634449.0,16464728.0,44169721.0,0.271541,0.728459
76815,Cifra de negocios,2022,92418178.0,31177126.0,61241052.0,0.337348,0.662652
76815,Cifra de negocios,2023,104442692.0,36478516.0,67964177.0,0.349268,0.650732
76815,Cifra de negocios,2024,117440434.0,41467328.0,75973106.0,0.353092,0.646908
76815,Consumo de bienes y servicios para reventa,2018,2747721.0,1270040.0,1477681.0,0.462216,0.537784
76815,Consumo de bienes y servicios para reventa,2019,3379988.0,1535660.0,1844327.0,0.454339,0.545661
76815,Consumo de bienes y servicios para reventa,2020,3186609.0,675024.0,2511585.0,0.211831,0.788169
76815,Consumo de bienes y servicios para reventa,2021,1354165.0,722177.0,631988.0,0.533301,0.466699
76815,Consumo de bienes y servicios para reventa,2022,1999463.0,1179427.0,820036.0,0.589872,0.410128
76815,Consumo de bienes y servicios para reventa,2023,2329983.0,1275731.0,1054252.0,0.547528,0.452472
76815,Consumo de bienes y servicios para reventa,2024,2296898.0,1462177.0,834721.0,0.636588,0.363412
76815,"Consumo de materias primas, productos intermedios y otros aprovisionamientos",2018,23931924.0,3171248.0,20760676.0,0.132511,0.867489
76815,"Consumo de materias primas, productos intermedios y otros aprovisionamientos",2019,24923037.0,3551823.0,21371214.0,0.142512,0.857488
76815,"Consumo de materias primas, productos intermedios y otros aprovisionamientos",2020,13098503.0,1167004.0,11931499.0,0.089094,0.910906
76815,"Consumo de materias primas, productos intermedios y otros aprovisionamientos",2021,21004249.0,2322673.0,18681576.0,0.110581,0.889419
76815,"Consumo de materias primas, productos intermedios y otros aprovisionamientos",2022,29486969.0,4164631.0,25322338.0,0.141236,0.858764
76815,"Consumo de materias primas, productos intermedios y otros aprovisionamientos",2023,33114214.0,4778505.0,28335709.0,0.144304,0.855696
76815,"Consumo de materias primas, productos intermedios y otros aprovisionamientos",2024,36138779.0,5150530.0,30988249.0,0.142521,0.857479
76815,Costes de seguridad social,2018,5533269.0,1936415.0,3596854.0,0.349959,0.650041
76815,Costes de seguridad social,2019,5981650.0,2084120.0,3897530.0,0.348419,0.651581
76815,Costes de seguridad social,2020,4081748.0,1370296.0,2711452.0,0.335713,0.664287
76815,Costes de seguridad social,2021,4521212.0,1400202.0,3121009.0,0.309696,0.690304
76815,Costes de seguridad social,2022,6301015.0,2140571.0,4160445.0,0.339718,0.660282
76815,Costes de seguridad social,2023,7116376.0,2470182.0,4646194.0,0.347112,0.652888
76815,Costes de seguridad social,2024,7994241.0,2740093.0,5254149.0,0.342758,0.657242
76815,Excedente bruto de explotación,2018,9694200.0,5536194.0,4158006.0,0.571083,0.428917
76815,Excedente bruto de explotación,2019,10166874.0,5788562.0,4378312.0,0.569355,0.430645
76815,Excedente bruto de explotación,2020,-1606626.0,-1838308.0,231683.0,1.144204,-0.144205
76815,Excedente bruto de explotación,2021,7746200.0,3103616.0,4642583.0,0.400663,0.599337
76815,Excedente bruto de explotación,2022,12022411.0,6634659.0,5387752.0,0.551858,0.448142
76815,Excedente bruto de explotación,2023,14534511.0,8426494.0,6108017.0,0.579758,0.420242
76815,Excedente bruto de explotación,2024,18029459.0,10231208.0,7798252.0,0.567472,0.432528
76815,Gastos de personal,2018,24898424.0,8444622.0,16453802.0,0.339163,0.660837
76815,Gastos de personal,2019,26890378.0,9140828.0,17749550.0,0.339929,0.660071
76815,Gastos de personal,2020,16573358.0,4775810.0,11797548.0,0.288162,0.711838
76815,Gastos de personal,2021,19965909.0,5756398.0,14209510.0,0.288311,0.711689
76815,Gastos de personal,2022,28829897.0,9444965.0,19384933.0,0.32761,0.67239
76815,Gastos de personal,2023,32449715.0,10912185.0,21537530.0,0.33628,0.66372
76815,Gastos de personal,2024,36487431.0,12128446.0,24358985.0,0.332401,0.667599
76815,Gastos en servicios exteriores,2018,17434399.0,8482157.0,8952242.0,0.486518,0.513482
76815,Gastos en servicios exteriores,2019,18974073.0,9370547.0,9603526.0,0.493861,0.506139
76815,Gastos en servicios exteriores,2020,12321990.0,5062114.0,7259876.0,0.41082,0.58918
76815,Gastos en servicios exteriores,2021,14587448.0,6433268.0,8154180.0,0.441014,0.558986
76815,Gastos en servicios exteriores,2022,21742271.0,10599236.0,11143034.0,0.487494,0.512506
76815,Gastos en servicios exteriores,2023,23861647.0,11967990.0,11893657.0,0.501558,0.498442
76815,Gastos en servicios exteriores,2024,26489540.0,13467581.0,13021959.0,0.508411,0.491589
76815,Impuestos ligados a la producción y a los productos distintos del IVA y de los IIEE,2018,730345.0,491939.0,238406.0,0.673571,0.326429
76815,Impuestos ligados a la producción y a los productos distintos del IVA y de los IIEE,2019,583208.0,423281.0,159927.0,0.725781,0.274219
76815,Impuestos ligados a la producción y a los productos distintos del IVA y de los IIEE,2020,575266.0,417808.0,157458.0,0.726287,0.273713
76815,Impuestos ligados a la producción y a los productos distintos del IVA y de los IIEE,2021,679007.0,489932.0,189075.0,0.721542,0.278458
76815,Impuestos ligados a la producción y a los productos distintos del IVA y de los IIEE,2022,817678.0,579516.0,238163.0,0.708734,0.291267
76815,Impuestos ligados a la producción y a los productos distintos del IVA y de los IIEE,2023,852712.0,605506.0,247206.0,0.710094,0.289906
76815,Impuestos ligados a la producción y a los productos distintos del IVA y de los IIEE,2024,973413.0,659575.0,313839.0,0.67759,0.322411
76815,Otros ingresos de gestión,2018,1465382.0,783440.0,681942.0,0.534632,0.465368
76815,Otros ingresos de gestión,2019,1697639.0,949423.0,748216.0,0.559261,0.440739
76815,Otros ingresos de gestión,2020,1260983.0,586496.0,674487.0,0.46511,0.53489
76815,Otros ingresos de gestión,2021,1587684.0,800149.0,787536.0,0.503972,0.496028
76815,Otros ingresos de gestión,2022,1802059.0,1045996.0,756063.0,0.580445,0.419555
76815,Otros ingresos de gestión,2023,2116963.0,1172514.0,944449.0,0.553866,0.446134
76815,Otros ingresos de gestión,2024,2479566.0,1361976.0,1117590.0,0.54928,0.45072
76815,Subvenciones a la explotación,2018,148820.0,95980.0,52840.0,0.64494,0.35506
76815,Subvenciones a la explotación,2019,233180.0,125221.0,107960.0,0.537014,0.46299
76815,Subvenciones a la explotación,2020,859312.0,467576.0,391735.0,0.544128,0.455871
76815,Subvenciones a la explotación,2021,2938743.0,1436328.0,1502415.0,0.488756,0.511244
76815,Subvenciones a la explotación,2022,498650.0,255921.0,242729.0,0.513228,0.486772
76815,Subvenciones a la explotación,2023,357042.0,180334.0,176708.0,0.505078,0.494922
76815,Subvenciones a la explotación,2024,239756.0,117771.0,121985.0,0.491212,0.508788
76815,Sueldos y salarios,2018,19365156.0,6508207.0,12856949.0,0.336078,0.663922
76815,Sueldos y salarios,2019,20908728.0,7056708.0,13852020.0,0.337501,0.662499
76815,Sueldos y salarios,2020,12491610.0,3405514.0,9086096.0,0.272624,0.727376
76815,Sueldos y salarios,2021,15444697.0,4356196.0,11088501.0,0.282051,0.717949
76815,Sueldos y salarios,2022,22528882.0,7304394.0,15224488.0,0.324224,0.675776
76815,Sueldos y salarios,2023,25333339.0,8442003.0,16891336.0,0.333237,0.666763
76815,Sueldos y salarios,2024,28493190.0,9388353.0,19104837.0,0.329495,0.670505
76815,Trabajos realizados por la empresa para su activo,2018,85243.0,63990.0,21253.0,0.750677,0.249323
76815,Trabajos realizados por la empresa para su activo,2019,231022.0,218200.0,12822.0,0.944499,0.055501
76815,Trabajos realizados por la empresa para su activo,2020,37427.0,38802.0,-1375.0,1.036738,-0.036738
76815,Trabajos realizados por la empresa para su activo,2021,135679.0,131644.0,4034.0,0.970261,0.029732
76815,Trabajos realizados por la empresa para su activo,2022,113599.0,102453.0,11146.0,0.901883,0.098117
76815,Trabajos realizados por la empresa para su activo,2023,104353.0,81972.0,22381.0,0.785526,0.214474
76815,Trabajos realizados por la empresa para su activo,2024,86615.0,58417.0,28197.0,0.674444,0.325544
76815,Valor añadido a coste de los factores,2018,34592625.0,13980816.0,20611809.0,0.404156,0.595844
76815,Valor añadido a coste de los factores,2019,37057252.0,14929390.0,22127862.0,0.402874,0.597126
76815,Valor añadido a coste de los factores,2020,14966732.0,2937502.0,12029230.0,0.196269,0.803731
76815,Valor añadido a coste de los factores,2021,27712108.0,8860015.0,18852094.0,0.319716,0.680284
76815,Valor añadido a coste de los factores,2022,40852308.0,16079624.0,24772684.0,0.393604,0.606396
76815,Valor añadido a coste de los factores,2023,46984226.0,19338679.0,27645547.0,0.411599,0.588401
76815,Valor añadido a coste de los factores,2024,54516891.0,22359654.0,32157237.0,0.410142,0.589858
76815,Valor añadido a precios de mercado,2018,35174150.0,14376775.0,20797375.0,0.408731,0.591269
76815,Valor añadido a precios de mercado,2019,37407280.0,15227450.0,22179830.0,0.407072,0.592928
76815,Valor añadido a precios de mercado,2020,14682686.0,2887733.0,11794953.0,0.196676,0.803324
76815,Valor añadido a precios de mercado,2021,25452373.0,7913618.0,17538754.0,0.310919,0.689081
76815,Valor añadido a precios de mercado,2022,41171336.0,16403219.0,24768118.0,0.398414,0.601586
76815,Valor añadido a precios de mercado,2023,47479896.0,19763851.0,27716045.0,0.416257,0.583743
76815,Valor añadido a precios de mercado,2024,55250548.0,22901458.0,32349091.0,0.414502,0.585498
76815,Valor de la producción,2018,76540473.0,26030180.0,50510293.0,0.340084,0.659916
76815,Valor de la producción,2019,81304390.0,28149820.0,53154570.0,0.346228,0.653772
76815,Valor de la producción,2020,40103179.0,9116851.0,30986328.0,0.227335,0.772665
76815,Valor de la producción,2021,61044069.0,16669559.0,44374510.0,0.273074,0.726926
76815,Valor de la producción,2022,92400576.0,31167086.0,61233490.0,0.337304,0.662696
76815,Valor de la producción,2023,104455756.0,36510346.0,67945410.0,0.349529,0.650471
76815,Valor de la producción,2024,117878867.0,41519568.0,76359299.0,0.352222,0.647778
76815,Variación de existencias de productos terminados y en curso,2018,15147.0,-1016.0,16163.0,-0.067076,1.067076
76815,Variación de existencias de productos terminados y en curso,2019,-12272.0,-40522.0,28250.0,3.301988,-2.301988
76815,Variación de existencias de productos terminados y en curso,2020,-22750.0,-40237.0,17487.0,1.768659,-0.768659
76815,Variación de existencias de productos terminados y en curso,2021,40422.0,-4785.0,45207.0,-0.118376,1.118376
76815,Variación de existencias de productos terminados y en curso,2022,66203.0,20938.0,45265.0,0.31627,0.68373
76815,Variación de existencias de productos terminados y en curso,2023,121732.0,53076.0,68656.0,0.436007,0.563993
76815,Variación de existencias de productos terminados y en curso,2024,169150.0,94024.0,75126.0,0.555862,0.444138
76816,España / Cifra de negocios,2018,71636097.0,20810393.0,50825703.0,0.290501,0.709498
76816,España / Cifra de negocios,2019,77053267.0,23245971.0,53807296.0,0.301687,0.698313
76816,España / Cifra de negocios,2020,40586073.0,7869193.0,32716880.0,0.193889,0.806111
76816,España / Cifra de negocios,2021,59585164.0,15524270.0,44060894.0,0.260539,0.739461
76816,España / Cifra de negocios,2022,90257771.0,29339042.0,60918730.0,0.325058,0.674942
76816,España / Cifra de negocios,2023,101810867.0,34212572.0,67598295.0,0.33604,0.66396
76816,España / Cifra de negocios,2024,114237258.0,38898850.0,75338408.0,0.340509,0.659491
76816,Fuera de la Unión Europea y otros / Cifra de negocios,2018,1247716.0,1072586.0,175131.0,0.85964,0.140361
76816,Fuera de la Unión Europea y otros / Cifra de negocios,2019,1253606.0,1130403.0,123203.0,0.901721,0.098279
76816,Fuera de la Unión Europea y otros / Cifra de negocios,2020,294537.0,269237.0,25301.0,0.914102,0.085901
76816,Fuera de la Unión Europea y otros / Cifra de negocios,2021,223626.0,179811.0,43815.0,0.80407,0.19593
76816,Fuera de la Unión Europea y otros / Cifra de negocios,2022,614501.0,384697.0,229804.0,0.626032,0.373968
76816,Fuera de la Unión Europea y otros / Cifra de negocios,2023,790877.0,535097.0,255780.0,0.676587,0.323413
76816,Fuera de la Unión Europea y otros / Cifra de negocios,2024,963807.0,613677.0,350130.0,0.636722,0.363278
76816,Total / Cifra de negocios,2018,77722422.0,26453806.0,51268615.0,0.340363,0.659637
76816,Total / Cifra de negocios,2019,82767988.0,28558378.0,54209610.0,0.345041,0.654959
76816,Total / Cifra de negocios,2020,42014129.0,9206815.0,32807314.0,0.219136,0.780864
76816,Total / Cifra de negocios,2021,60634449.0,16464728.0,44169721.0,0.271541,0.728459
76816,Total / Cifra de negocios,2022,92418178.0,31177126.0,61241052.0,0.337348,0.662652
76816,Total / Cifra de negocios,2023,104442692.0,36478516.0,67964177.0,0.349268,0.650732
76816,Total / Cifra de negocios,2024,117440434.0,41467328.0,75973106.0,0.353092,0.646908
76816,UE28 sin España / Cifra de negocios,2018,4838609.0,4570828.0,267781.0,0.944657,0.055343
76816,UE28 sin España / Cifra de negocios,2019,4461115.0,4182004.0,279111.0,0.937435,0.062565
76816,UE28 sin España / Cifra de negocios,2020,1133519.0,1068385.0,65134.0,0.942538,0.057462
76816,UE28 sin España / Cifra de negocios,2021,825659.0,760646.0,65013.0,0.921259,0.078741
76816,UE28 sin España / Cifra de negocios,2022,1545906.0,1453387.0,92519.0,0.940152,0.059848
76816,UE28 sin España / Cifra de negocios,2023,1840949.0,1730847.0,110102.0,0.940193,0.059807
76816,UE28 sin España / Cifra de negocios,2024,2239369.0,1954801.0,284568.0,0.872925,0.127075
